"filename", "language", "C++", "Markdown", "comment", "blank", "total"
"/home/xie/code/QuestCAE/README.md", "Markdown", 0, 1, 0, 0, 1
"/home/xie/code/QuestCAE/application/application.hpp", "C++", 0, 0, 0, 1, 1
"/home/xie/code/QuestCAE/questCAE/IO/io.hpp", "C++", 0, 0, 0, 1, 1
"/home/xie/code/QuestCAE/questCAE/condition/condition.hpp", "C++", 0, 0, 0, 1, 1
"/home/xie/code/QuestCAE/questCAE/data_structure/array_1d.hpp", "C++", 0, 0, 0, 1, 1
"/home/xie/code/QuestCAE/questCAE/dof/dof.hpp", "C++", 0, 0, 0, 1, 1
"/home/xie/code/QuestCAE/questCAE/element/element.hpp", "C++", 0, 0, 0, 1, 1
"/home/xie/code/QuestCAE/questCAE/geometry/geometry.hpp", "C++", 0, 0, 0, 1, 1
"/home/xie/code/QuestCAE/questCAE/includes/code_location.hpp", "C++", 54, 0, 6, 31, 91
"/home/xie/code/QuestCAE/questCAE/includes/define.hpp", "C++", 3, 0, 3, 6, 12
"/home/xie/code/QuestCAE/questCAE/includes/exceptions.hpp", "C++", 61, 0, 7, 36, 104
"/home/xie/code/QuestCAE/questCAE/includes/quest_export_api.hpp", "C++", 32, 0, 3, 8, 43
"/home/xie/code/QuestCAE/questCAE/includes/quset.hpp", "C++", 6, 0, 6, 10, 22
"/home/xie/code/QuestCAE/questCAE/includes/ublas_interface.hpp", "C++", 21, 0, 6, 6, 33
"/home/xie/code/QuestCAE/questCAE/matrix/matrix.hpp", "C++", 0, 0, 0, 1, 1
"/home/xie/code/QuestCAE/questCAE/mesh/mesh.hpp", "C++", 0, 0, 0, 1, 1
"/home/xie/code/QuestCAE/questCAE/model/model.hpp", "C++", 0, 0, 0, 1, 1
"/home/xie/code/QuestCAE/questCAE/modelPart/modelPart.hpp", "C++", 0, 0, 0, 1, 1
"/home/xie/code/QuestCAE/questCAE/node/node.hpp", "C++", 0, 0, 0, 1, 1
"/home/xie/code/QuestCAE/questCAE/process/process.hpp", "C++", 0, 0, 0, 1, 1
"/home/xie/code/QuestCAE/questCAE/properties/properties.hpp", "C++", 0, 0, 0, 1, 1
"/home/xie/code/QuestCAE/questCAE/quadrature/quadrature.hpp", "C++", 0, 0, 0, 1, 1
"/home/xie/code/QuestCAE/questCAE/slover/slover.hpp", "C++", 0, 0, 0, 1, 1
"/home/xie/code/QuestCAE/questCAE/spatialContainer/spatialContainer.hpp", "C++", 0, 0, 0, 1, 1
"/home/xie/code/QuestCAE/questCAE/strategy/strategy.hpp", "C++", 0, 0, 0, 1, 1
"/home/xie/code/QuestCAE/questCAE/vector/vector.hpp", "C++", 0, 0, 0, 1, 1
"/home/xie/code/QuestCAE/utilities/stl_vector_io.hpp", "C++", 17, 0, 5, 10, 32
"Total", "-", 194, 1, 36, 126, 357